{"used_promocodes": ["start", "0.18", "komaru", "cocoa", "komugi", "fix_me_please", "discord", "wumpus"], "money": 77629.82866999996, "bitcoin": 0.0, "bananacoin": 25.71333333333333, "ethereum": 0.0, "business": {"\u041f\u043e\u0441\u0442\u043e\u043c\u0430\u0442 bananies": 1, "\u0421\u043a\u043b\u0430\u0434 bananies": 1}}